location,water_level,rainfall,temperature,humidity,river_flow,wind_speed,flood_predicted
Nellore,1.42,10.1,30.7,67.0,47.7,12.5,0
Tirupati,5.19,27.7,32.6,68.0,113.2,6.9,0
Guntur,0.79,28.0,31.2,73.0,10.0,53.5,0
Tirupati,1.7,4.9,33.8,94.0,21.5,12.9,0
Tirupati,6.17,14.4,31.1,99.0,149.6,29.1,1
Vijayawada,6.84,84.0,36.8,85.0,153.4,10.7,0
Guntur,0.75,250.0,26.3,65.0,10.0,19.5,0
Guntur,6.49,17.8,36.8,29.0,169.7,29.3,1
Guntur,1.62,250.0,30.4,85.0,10.0,6.2,0
Tirupati,4.39,85.6,36.2,83.0,43.6,20.9,1
Nellore,3.09,2.9,27.8,52.0,119.9,9.1,0
Guntur,1.73,20.5,31.4,39.0,10.0,11.2,0
Tirupati,5.47,104.9,32.3,66.0,101.3,11.4,1
Vijayawada,3.57,50.5,31.4,71.0,83.4,23.5,0
Nellore,5.17,13.6,27.6,79.0,111.2,10.0,0
Vijayawada,6.13,71.9,30.5,48.0,147.5,58.7,0
Nellore,1.47,250.0,41.2,60.0,10.0,7.9,0
Tirupati,2.67,23.9,32.5,67.0,40.6,24.2,0
Kurnool,6.6,13.9,34.5,71.0,182.5,22.0,0
Nellore,6.4,43.6,35.5,71.0,128.0,10.1,0
Vijayawada,2.43,12.6,25.4,79.0,74.3,12.7,0
Tirupati,2.81,43.6,37.8,75.0,46.2,9.3,0
Nellore,6.94,4.5,28.6,57.0,144.9,9.0,0
Kurnool,9.11,19.8,24.1,64.0,215.8,20.2,1
Kurnool,7.58,14.2,28.8,98.0,155.0,42.4,0
Guntur,0.5,85.2,35.7,63.0,10.0,6.5,1
Guntur,6.36,27.0,34.2,63.0,125.5,20.9,1
Vijayawada,0.94,14.7,35.8,56.0,10.0,19.8,0
Nellore,6.61,115.4,42.6,45.0,137.0,10.1,0
Nellore,5.15,8.4,28.1,70.0,100.3,23.6,0
Guntur,7.1,94.7,31.8,46.0,144.7,10.2,1
Nellore,7.46,5.2,31.5,69.0,161.7,6.6,0
Nellore,6.22,23.0,34.5,89.0,142.0,17.8,0
Kurnool,5.79,25.6,22.6,69.0,151.0,9.1,0
Guntur,3.64,12.2,27.6,86.0,92.7,7.5,0
Tirupati,4.22,19.2,31.1,83.0,122.4,33.6,0
Guntur,6.28,40.6,28.3,100.0,151.2,44.1,1
Tirupati,3.78,94.5,38.4,63.0,117.8,25.7,0
Kurnool,3.07,63.4,38.4,67.0,63.8,25.2,0
Vijayawada,2.12,72.1,27.6,100.0,43.1,8.5,0
Nellore,2.54,17.6,28.3,75.0,54.0,18.2,0
Kurnool,9.55,48.5,30.1,94.0,229.1,78.9,1
Nellore,5.32,17.5,37.5,95.0,129.0,26.6,1
Vijayawada,3.05,7.2,26.6,36.0,57.3,19.6,0
Vijayawada,8.65,6.1,23.1,92.0,138.1,16.9,1
Kurnool,4.53,21.6,38.1,45.0,135.9,22.9,0
Vijayawada,2.08,64.4,35.2,66.0,46.1,12.7,0
Tirupati,0.91,14.9,32.2,66.0,10.0,9.1,0
Vijayawada,3.05,35.9,40.9,51.0,41.2,5.4,0
Nellore,6.61,3.5,33.5,85.0,167.3,12.2,0
Nellore,4.36,25.5,23.8,79.0,99.7,7.9,0
Nellore,4.44,2.7,22.3,78.0,55.2,16.1,0
Nellore,3.89,38.7,33.0,58.0,76.4,9.4,1
Tirupati,5.77,8.2,29.7,73.0,130.6,14.9,0
Guntur,3.94,19.4,30.9,81.0,103.5,40.0,0
Kurnool,7.25,9.0,34.0,64.0,154.3,9.9,0
Nellore,8.19,45.8,29.4,82.0,196.0,10.6,1
Vijayawada,7.16,7.4,35.5,48.0,181.0,45.5,0
Nellore,10.37,66.7,19.2,97.0,229.0,11.7,1
Vijayawada,7.79,46.0,45.7,70.0,138.8,14.9,1
Vijayawada,7.25,3.4,34.3,85.0,185.9,14.2,0
Nellore,5.78,34.5,23.9,63.0,99.2,12.7,0
Tirupati,5.02,202.8,32.6,73.0,159.6,24.2,0
Vijayawada,3.42,99.8,24.7,71.0,81.8,17.1,0
Vijayawada,7.09,13.5,25.9,68.0,146.7,26.9,0
Nellore,6.04,185.9,36.6,76.0,111.7,17.9,0
Vijayawada,5.39,31.2,21.9,76.0,140.0,7.8,0
Vijayawada,7.26,41.0,27.2,76.0,136.9,11.6,0
Nellore,5.32,65.6,23.4,72.0,95.8,8.6,0
Nellore,2.58,48.3,27.3,72.0,48.1,8.9,0
Kurnool,5.14,135.2,38.5,64.0,120.9,27.7,0
Tirupati,4.37,30.8,34.0,50.0,63.5,34.8,0
Tirupati,6.56,6.1,36.2,67.0,133.9,15.2,1
Vijayawada,6.39,6.0,24.5,81.0,113.4,12.0,0
Tirupati,0.7,7.4,29.9,72.0,32.8,4.6,0
Vijayawada,5.24,34.5,26.6,78.0,84.2,4.5,0
Kurnool,6.46,34.6,25.4,66.0,159.4,21.3,0
Nellore,4.07,31.4,34.1,60.0,95.5,24.6,0
Nellore,4.86,17.0,24.2,47.0,82.5,8.7,0
Nellore,4.29,51.0,32.2,62.0,128.2,41.9,0
Tirupati,0.5,25.2,41.0,80.0,18.5,44.8,0
Kurnool,5.7,16.4,27.3,85.0,139.6,14.5,0
Tirupati,0.5,20.2,24.9,75.0,16.7,12.6,0
Tirupati,2.24,33.7,34.8,20.0,47.1,12.9,0
Kurnool,7.03,10.3,33.6,63.0,121.5,28.6,0
Kurnool,3.57,31.5,29.6,48.0,91.5,30.7,0
Kurnool,3.79,19.4,26.2,62.0,102.1,33.5,0
Kurnool,4.89,12.6,27.0,62.0,126.6,17.4,0
Nellore,4.55,81.0,23.6,90.0,61.2,68.0,0
Guntur,4.42,22.4,27.2,64.0,124.6,10.7,0
Guntur,1.31,41.3,22.3,85.0,37.1,25.7,0
Kurnool,3.45,12.4,29.9,100.0,62.2,10.2,0
Guntur,2.64,40.4,35.5,78.0,78.3,16.3,0
Guntur,4.14,12.7,29.0,64.0,89.3,14.8,0
Kurnool,6.46,79.9,25.3,38.0,149.4,11.5,0
Guntur,3.43,31.0,34.0,88.0,73.0,14.2,0
Tirupati,0.5,29.0,31.2,70.0,10.0,27.6,0
Vijayawada,7.76,29.1,29.4,59.0,171.3,8.1,0
Vijayawada,3.5,46.5,28.9,68.0,76.5,19.0,0
Kurnool,4.78,17.6,24.9,69.0,121.8,13.2,0
Nellore,3.14,34.1,25.9,73.0,86.3,3.8,0
Kurnool,5.37,12.4,31.1,78.0,111.7,13.4,1
Nellore,2.83,68.2,28.3,78.0,104.8,20.4,0
Vijayawada,2.15,30.3,29.3,65.0,30.7,23.2,0
Kurnool,5.31,32.5,27.0,74.0,116.6,18.6,0
Tirupati,1.86,5.0,34.0,83.0,23.7,15.6,0
Guntur,3.86,11.4,29.1,85.0,89.0,6.5,0
Nellore,6.69,33.4,25.7,61.0,154.0,22.0,0
Guntur,5.17,41.5,37.7,84.0,127.5,3.6,0
Guntur,4.01,30.3,34.1,82.0,110.7,21.6,0
Kurnool,7.01,1.2,28.6,56.0,178.4,19.5,0
Guntur,4.37,11.2,27.9,52.0,115.7,11.5,0
Tirupati,2.82,32.2,33.7,55.0,61.6,9.0,0
Guntur,2.83,26.0,35.5,49.0,71.4,8.2,0
Kurnool,6.68,79.5,25.5,65.0,129.4,21.5,0
Tirupati,5.7,54.3,25.6,62.0,124.1,52.6,0
Vijayawada,6.87,54.0,31.8,71.0,161.4,8.1,0
Guntur,7.2,47.5,27.1,50.0,130.4,2.5,1
Kurnool,6.84,33.1,27.6,72.0,145.0,7.4,1
Vijayawada,4.3,24.1,34.4,60.0,93.3,15.6,0
Vijayawada,3.94,46.7,30.9,67.0,89.3,10.0,0
Nellore,2.61,9.2,29.2,72.0,73.2,7.9,0
Tirupati,6.55,17.5,32.7,89.0,152.3,13.4,1
Guntur,1.66,42.5,23.7,54.0,24.4,35.8,0
Kurnool,7.53,137.4,35.1,36.0,170.4,31.7,0
Nellore,6.71,16.6,24.5,67.0,125.1,19.9,0
Tirupati,3.73,67.2,25.8,85.0,76.0,15.4,0
Nellore,0.81,23.7,30.6,86.0,33.7,21.9,0
Tirupati,4.79,11.5,27.5,60.0,107.1,19.8,0
Tirupati,8.02,151.0,28.7,60.0,161.2,5.4,1
Guntur,1.73,3.6,25.9,67.0,10.9,11.5,0
Tirupati,3.43,12.7,25.9,84.0,96.5,5.9,0
Nellore,5.61,58.0,40.1,43.0,131.0,6.9,0
Tirupati,9.6,28.9,29.5,65.0,226.8,18.9,1
Guntur,1.61,68.6,30.0,75.0,42.8,9.3,0
Guntur,1.6,34.0,27.0,74.0,24.7,6.3,1
Nellore,2.73,9.9,31.4,81.0,37.9,8.1,0
Vijayawada,5.15,62.7,27.7,65.0,118.2,10.2,0
Vijayawada,5.55,35.8,32.2,52.0,161.0,5.1,0
Tirupati,4.94,34.6,27.6,74.0,90.2,18.2,0
Kurnool,6.01,14.4,28.3,76.0,120.3,12.0,0
Tirupati,7.21,15.4,29.0,75.0,164.3,21.1,0
Nellore,2.07,6.8,27.1,50.0,40.8,7.3,0
Nellore,4.67,24.2,28.0,69.0,113.6,22.9,0
Nellore,5.59,28.2,40.2,84.0,167.0,18.5,0
Nellore,4.66,19.0,29.4,67.0,104.2,9.5,0
Nellore,7.14,11.1,26.7,72.0,133.1,6.3,1
Guntur,4.73,186.3,27.5,82.0,71.5,10.0,1
Vijayawada,9.09,53.2,26.0,59.0,234.4,12.8,1
Nellore,3.04,22.2,25.1,63.0,95.5,11.4,0
Kurnool,4.71,34.8,33.6,60.0,99.5,4.7,1
Kurnool,5.13,6.1,30.5,63.0,109.0,16.2,0
Kurnool,3.39,2.4,27.2,100.0,48.8,2.8,0
Kurnool,9.05,27.4,27.6,82.0,151.4,5.7,0
Guntur,2.38,22.1,34.1,61.0,69.4,9.5,0
Kurnool,6.93,59.9,29.7,61.0,182.1,8.8,1
Nellore,2.9,52.0,24.0,85.0,77.6,17.3,0
Tirupati,5.78,39.7,34.1,52.0,138.9,25.8,0
Kurnool,8.99,177.5,29.0,83.0,220.5,8.3,1
Guntur,6.43,81.0,31.2,84.0,118.6,13.5,1
Guntur,2.84,18.4,36.7,81.0,88.1,14.4,1
Kurnool,7.73,56.0,17.7,93.0,166.3,8.5,1
Tirupati,2.75,42.8,36.7,68.0,57.1,9.1,0
Kurnool,4.88,21.1,35.6,72.0,79.2,17.8,0
Guntur,8.32,7.1,28.2,73.0,177.6,12.9,1
Vijayawada,8.07,250.0,32.2,55.0,174.5,17.4,1
Nellore,8.3,15.7,25.7,73.0,184.7,27.6,0
Guntur,6.83,153.3,30.1,76.0,114.9,5.6,1
Kurnool,6.41,8.5,30.2,69.0,112.9,5.6,0
Nellore,5.78,24.2,25.7,71.0,105.7,16.4,0
Kurnool,6.46,35.1,23.7,72.0,155.2,10.0,0
Kurnool,7.69,52.7,30.2,50.0,146.9,21.1,0
Vijayawada,2.27,28.5,31.6,65.0,62.6,9.1,0
Nellore,3.19,8.3,29.1,92.0,56.3,17.7,0
Nellore,6.65,31.3,31.3,55.0,112.5,26.7,0
Vijayawada,3.51,26.3,28.2,100.0,77.6,19.9,0
Guntur,3.39,107.5,29.6,41.0,128.1,23.9,0
Kurnool,8.13,29.0,36.8,58.0,176.7,23.9,0
Tirupati,7.34,112.8,29.5,91.0,141.0,8.4,1
Kurnool,8.45,49.9,30.4,86.0,214.4,29.5,0
Kurnool,9.17,11.2,37.2,72.0,225.9,5.7,1
Guntur,4.53,38.0,31.7,80.0,95.2,8.0,0
Kurnool,8.62,8.9,40.5,82.0,224.1,20.2,0
Vijayawada,3.42,33.2,27.6,79.0,51.9,12.9,0
Vijayawada,2.58,43.5,28.6,85.0,41.0,10.2,0
Nellore,5.63,18.0,30.9,88.0,115.7,5.9,0
Tirupati,5.32,11.4,29.3,86.0,121.4,29.2,0
Kurnool,0.95,124.0,26.2,54.0,31.4,4.7,0
Kurnool,7.0,36.0,24.4,65.0,134.7,23.6,0
Guntur,5.05,56.7,34.4,73.0,91.8,58.1,0
Vijayawada,5.41,9.5,31.0,86.0,81.4,6.6,1
Tirupati,2.35,33.4,30.4,62.0,34.9,17.2,0
Nellore,5.13,29.4,26.7,64.0,120.8,14.8,0
Vijayawada,9.93,17.0,17.9,70.0,217.0,26.2,1
Nellore,8.3,43.3,31.1,50.0,215.0,9.3,1
Guntur,4.36,43.2,35.7,79.0,109.4,12.2,0
Guntur,3.8,18.1,42.3,55.0,103.6,18.4,0
Kurnool,4.46,26.9,24.6,82.0,101.6,14.1,0
Tirupati,2.11,71.9,28.7,77.0,58.8,16.8,0
Nellore,8.61,14.9,21.5,65.0,180.6,11.0,0
Vijayawada,3.32,27.7,22.4,50.0,67.8,6.2,0
Guntur,6.24,11.7,33.1,52.0,172.7,40.6,0
Kurnool,8.76,27.6,32.6,99.0,200.1,26.9,1
Kurnool,5.46,17.2,31.5,78.0,123.1,19.7,0
Nellore,5.88,16.5,30.8,70.0,133.1,5.2,0
Guntur,5.35,146.0,26.6,79.0,133.1,32.1,1
Tirupati,2.99,53.4,34.5,71.0,74.5,7.2,0
Guntur,3.17,35.7,31.5,96.0,73.1,10.7,0
Nellore,5.49,49.2,21.6,59.0,106.8,28.5,1
Nellore,5.74,35.5,23.5,73.0,172.1,5.3,0
Guntur,5.6,23.6,25.8,76.0,123.4,15.0,0
Nellore,3.82,32.4,29.9,100.0,95.0,12.6,0
Guntur,3.02,6.4,25.9,90.0,49.7,34.8,1
Vijayawada,4.8,35.2,32.0,78.0,84.5,8.6,0
Guntur,4.74,35.7,35.7,75.0,93.3,28.8,0
Guntur,2.42,37.4,36.9,71.0,36.3,8.2,0
Nellore,13.19,6.6,41.3,65.0,288.5,9.0,1
Nellore,8.24,4.4,35.6,66.0,191.0,20.0,1
Kurnool,4.11,46.4,38.4,62.0,51.8,37.1,0
Kurnool,6.1,28.7,34.4,68.0,127.9,26.1,0
Vijayawada,1.88,29.7,25.7,55.0,32.8,14.2,0
Kurnool,3.41,10.6,29.5,86.0,62.0,27.9,0
Guntur,0.5,75.4,29.2,80.0,44.4,58.0,0
Nellore,5.12,14.9,25.7,80.0,132.5,12.2,0
Kurnool,5.19,10.3,34.1,90.0,143.8,10.1,0
Kurnool,4.62,10.7,28.2,58.0,115.7,8.6,0
Vijayawada,4.22,9.6,37.5,62.0,57.9,14.6,0
Vijayawada,0.5,18.8,30.7,77.0,14.4,7.1,0
Guntur,1.64,39.8,29.8,77.0,29.0,10.7,0
Nellore,4.9,29.9,29.0,69.0,120.6,6.9,0
Vijayawada,5.69,16.4,26.5,98.0,87.6,18.1,0
Kurnool,1.14,27.9,28.0,74.0,34.8,28.5,0
Nellore,5.79,10.9,39.4,70.0,173.2,42.8,0
Nellore,5.1,4.2,32.1,65.0,123.8,24.7,0
Kurnool,8.63,14.8,26.1,70.0,198.4,12.1,1
Vijayawada,5.06,26.9,26.7,63.0,86.8,10.4,0
Kurnool,6.25,46.2,31.3,84.0,122.9,6.3,0
Nellore,8.22,8.6,30.8,69.0,194.9,22.5,1
Tirupati,5.48,44.5,32.1,67.0,128.7,13.1,0
Tirupati,4.85,25.4,23.3,74.0,79.8,16.9,0
Guntur,3.88,13.1,38.5,72.0,101.4,47.8,0
Kurnool,7.13,9.4,29.4,59.0,148.8,41.4,0
Kurnool,11.0,49.1,25.5,92.0,208.9,48.5,1
Guntur,5.21,237.8,40.8,55.0,85.7,31.8,0
Guntur,0.5,98.2,30.3,81.0,26.2,32.3,0
Guntur,4.92,9.0,38.5,70.0,122.8,11.1,0
Nellore,6.27,32.1,30.3,90.0,143.2,5.4,0
Kurnool,4.39,44.0,35.3,78.0,95.1,11.6,0
Nellore,3.36,4.5,32.3,50.0,39.5,28.9,0
Guntur,2.9,54.8,20.9,69.0,54.3,29.8,0
Kurnool,8.65,12.5,23.1,65.0,178.4,25.7,1
Nellore,7.7,19.8,35.3,77.0,234.6,13.0,0
Nellore,4.63,86.2,37.5,70.0,76.0,17.4,0
Guntur,1.74,2.8,34.9,55.0,37.7,12.3,0
Kurnool,6.59,9.9,34.3,84.0,140.8,28.8,0
Guntur,7.61,4.1,34.3,57.0,157.6,18.9,1
Kurnool,7.75,74.4,22.9,58.0,155.7,7.0,1
Tirupati,4.68,3.5,31.4,73.0,92.8,3.9,0
Vijayawada,0.5,9.4,26.2,92.0,10.0,10.5,0
Vijayawada,5.22,67.3,26.6,84.0,73.6,18.7,0
Vijayawada,6.26,33.6,31.6,57.0,118.3,15.3,0
Guntur,1.52,15.5,25.9,57.0,57.4,8.4,0
Tirupati,3.91,30.0,32.7,75.0,69.1,37.8,0
Kurnool,5.14,9.4,41.2,91.0,112.2,42.9,1
Nellore,6.28,23.6,24.9,70.0,153.1,26.2,0
Kurnool,8.76,32.7,25.5,96.0,187.5,16.8,0
Nellore,6.27,41.2,35.3,82.0,159.2,12.7,0
Kurnool,5.65,13.4,35.2,100.0,117.1,27.9,0
Tirupati,3.92,20.5,25.5,60.0,85.7,9.5,0
Nellore,6.96,37.2,31.8,71.0,168.9,2.3,1
Guntur,3.35,14.7,30.8,66.0,104.6,21.9,0
Kurnool,5.5,21.8,32.9,67.0,143.2,10.6,0
Kurnool,9.68,7.0,30.5,61.0,241.7,3.6,1
Nellore,8.44,8.9,33.3,56.0,217.2,7.0,1
Guntur,1.08,17.9,33.2,48.0,53.1,10.9,0
Guntur,7.0,30.9,26.3,44.0,137.9,33.2,1
Tirupati,4.86,8.1,34.7,83.0,148.5,31.6,0
Guntur,0.5,3.8,29.6,78.0,43.6,57.5,0
Guntur,1.71,47.5,36.5,72.0,10.0,11.3,0
Guntur,4.85,39.5,31.7,70.0,120.0,20.5,0
Vijayawada,4.1,15.5,21.5,66.0,108.9,11.9,0
Tirupati,6.16,33.8,28.2,91.0,136.9,5.7,1
Kurnool,10.67,12.8,31.2,64.0,246.6,23.0,1
Nellore,10.89,8.5,24.6,53.0,233.7,26.0,1
Kurnool,5.98,15.3,31.2,77.0,116.1,10.6,0
Tirupati,0.5,6.2,26.7,67.0,37.9,21.7,0
Nellore,6.01,9.3,35.3,73.0,102.5,5.8,0
Tirupati,2.87,180.9,28.5,26.0,60.7,26.4,1
Guntur,4.94,24.7,27.8,86.0,112.7,19.9,0
Nellore,5.89,25.8,30.5,59.0,144.6,19.3,0
Guntur,0.59,183.6,29.1,51.0,51.1,10.2,1
Kurnool,7.47,27.7,31.1,85.0,173.2,25.1,0
Kurnool,5.58,30.7,38.1,81.0,126.9,21.0,0
Nellore,7.34,107.7,32.2,70.0,141.2,33.0,1
Nellore,4.17,13.8,34.3,94.0,103.4,14.8,0
Tirupati,3.22,11.3,19.9,51.0,85.4,16.3,0
Tirupati,7.16,30.9,24.0,65.0,144.0,13.2,0
Guntur,3.25,12.3,31.7,70.0,82.4,6.5,0
Nellore,2.39,7.6,34.3,93.0,51.1,6.5,0
Kurnool,4.12,8.9,29.2,86.0,89.8,15.1,0
Tirupati,2.1,7.1,27.3,54.0,50.6,13.6,0
Tirupati,4.38,9.6,30.1,65.0,138.5,10.6,0
Kurnool,8.9,78.4,31.0,66.0,203.3,8.8,1
Tirupati,6.04,25.2,38.6,71.0,154.8,13.8,0
Guntur,1.57,58.3,31.2,67.0,10.0,11.6,0
Nellore,8.54,132.4,19.8,84.0,174.0,21.8,0
Kurnool,5.83,47.7,32.6,94.0,177.8,52.5,0
Nellore,6.97,83.9,27.1,72.0,127.0,9.3,0
Tirupati,0.96,30.7,25.0,58.0,35.1,15.0,0
Tirupati,5.63,60.3,36.9,79.0,161.6,14.5,1
Kurnool,9.72,11.2,40.1,66.0,189.5,19.9,1
Guntur,6.88,20.9,31.5,56.0,165.8,10.3,0
Vijayawada,3.29,45.8,27.9,39.0,75.0,14.2,0
Kurnool,6.99,38.0,23.7,77.0,155.8,9.2,0
Vijayawada,5.61,6.8,31.0,73.0,119.4,19.7,0
Vijayawada,4.05,100.3,28.8,63.0,55.6,9.1,0
Guntur,6.16,113.6,24.5,78.0,153.0,5.5,1
Vijayawada,0.5,26.7,28.7,80.0,49.9,10.1,0
Vijayawada,3.21,4.3,26.7,83.0,62.0,8.2,0
Guntur,4.22,25.2,29.6,81.0,83.3,10.4,0
Vijayawada,2.76,57.2,26.8,40.0,66.0,20.8,0
Vijayawada,3.78,11.2,29.0,92.0,75.3,19.0,0
Vijayawada,4.16,57.9,26.0,85.0,79.0,11.1,0
Kurnool,6.82,26.3,35.1,74.0,141.7,17.2,0
Kurnool,7.27,12.7,33.9,91.0,123.8,30.7,0
Kurnool,6.59,19.5,39.5,73.0,172.8,3.9,0
Guntur,3.1,18.6,28.8,73.0,64.0,9.2,0
Tirupati,0.87,36.5,31.0,74.0,36.9,33.4,0
Vijayawada,5.96,18.3,33.4,82.0,99.8,16.9,0
Vijayawada,3.46,48.5,30.1,63.0,54.6,15.4,0
Guntur,4.1,36.6,27.6,76.0,91.8,9.2,0
Vijayawada,4.03,62.6,30.7,83.0,82.6,11.5,0
Kurnool,8.15,46.0,25.7,60.0,176.5,8.5,0
Tirupati,3.61,35.4,33.8,51.0,48.7,25.9,1
Nellore,4.53,40.2,30.4,46.0,120.3,30.2,0
Vijayawada,5.9,28.6,29.4,66.0,148.0,12.4,1
Kurnool,10.01,17.8,41.7,99.0,202.2,8.8,1
Nellore,4.49,25.8,30.5,47.0,88.0,15.9,0
Tirupati,5.97,15.7,29.7,60.0,101.0,7.4,0
Nellore,4.9,14.3,24.2,38.0,113.8,21.2,0
Kurnool,7.06,17.6,15.8,70.0,161.4,5.1,0
Nellore,5.18,29.4,30.8,85.0,124.7,22.2,0
Guntur,1.04,12.6,32.3,65.0,18.1,29.1,0
Nellore,8.77,6.5,37.4,66.0,146.2,5.9,1
Vijayawada,4.57,57.6,34.3,70.0,91.5,16.5,0
Vijayawada,8.06,19.2,34.7,87.0,199.0,9.6,1
Guntur,2.49,10.4,29.8,69.0,33.2,7.9,0
Kurnool,6.15,24.0,32.2,80.0,113.3,8.3,0
Vijayawada,7.11,4.2,42.1,90.0,145.2,16.9,0
Tirupati,1.44,18.6,26.5,54.0,24.3,11.8,0
Vijayawada,1.83,53.1,25.3,52.0,57.1,16.8,0
Vijayawada,4.73,120.4,32.5,98.0,91.0,9.2,0
Kurnool,6.72,53.5,25.8,89.0,128.0,11.6,0
Nellore,6.19,72.9,35.4,61.0,110.3,6.4,0
Vijayawada,6.9,33.3,27.8,75.0,132.7,14.4,0
Guntur,4.53,159.7,31.2,26.0,124.5,8.8,0
Nellore,4.69,94.4,40.6,56.0,103.4,47.6,0
Tirupati,3.88,17.4,26.7,64.0,89.7,8.1,0
Kurnool,6.07,5.5,23.0,69.0,157.1,19.7,0
Tirupati,4.62,232.1,29.3,66.0,115.3,13.0,0
Nellore,8.23,79.8,33.8,51.0,173.9,11.4,1
Nellore,6.31,8.1,25.0,66.0,140.4,11.2,0
Nellore,5.36,74.1,33.4,87.0,116.7,39.4,0
Tirupati,3.08,76.1,31.9,89.0,82.1,3.8,1
Nellore,6.08,18.3,34.4,81.0,151.2,10.0,0
Tirupati,0.61,38.7,28.8,72.0,10.0,18.7,0
Nellore,4.26,23.0,33.2,74.0,97.8,11.6,0
Guntur,3.32,1.4,33.4,65.0,46.1,23.4,0
Nellore,6.78,4.4,36.7,73.0,180.3,7.0,1
Tirupati,2.81,7.3,24.3,69.0,60.5,16.4,0
Vijayawada,0.68,17.2,20.1,66.0,37.9,13.2,0
Nellore,3.33,87.9,34.2,88.0,77.1,7.4,0
Vijayawada,4.29,81.2,33.4,86.0,79.3,25.3,0
Guntur,2.1,46.2,31.4,47.0,10.1,15.1,0
Kurnool,8.53,12.4,35.1,77.0,187.2,17.5,0
Guntur,3.34,21.2,30.2,81.0,60.0,5.4,0
Nellore,3.38,36.0,30.2,76.0,60.4,27.0,1
Vijayawada,8.8,29.9,27.4,83.0,195.5,16.6,1
Vijayawada,2.38,65.3,34.1,38.0,39.3,25.2,0
Tirupati,6.35,15.3,26.0,69.0,120.1,13.4,0
Vijayawada,5.68,23.9,25.9,100.0,105.5,3.5,0
Tirupati,2.57,35.5,27.4,63.0,60.2,4.8,0
Kurnool,5.62,47.3,32.4,56.0,125.8,10.5,0
Nellore,3.81,19.4,28.4,62.0,89.3,4.4,0
Tirupati,1.6,31.8,35.3,73.0,62.7,5.3,0
Kurnool,5.78,4.1,22.8,70.0,147.7,9.1,0
Vijayawada,1.94,9.9,33.0,55.0,23.0,5.1,0
Vijayawada,4.69,87.1,32.0,63.0,72.3,26.9,1
Kurnool,2.25,53.7,28.5,71.0,46.0,6.0,0
Vijayawada,4.42,7.2,26.8,58.0,81.9,13.5,0
Kurnool,6.37,47.5,28.5,69.0,151.4,10.7,0
Tirupati,3.49,23.6,28.0,70.0,85.5,17.4,0
Tirupati,5.74,15.5,19.1,81.0,134.9,9.2,0
Kurnool,2.84,88.1,28.3,79.0,60.2,5.8,0
Tirupati,4.11,16.7,31.0,70.0,77.5,8.3,0
Tirupati,0.5,82.8,34.6,44.0,10.0,4.2,1
Tirupati,5.73,67.0,35.5,84.0,120.8,10.0,1
Guntur,6.02,12.7,38.9,55.0,125.4,13.9,1
Nellore,6.66,25.8,29.9,55.0,121.3,18.3,0
Vijayawada,4.28,12.5,28.4,92.0,123.5,28.9,0
Guntur,6.13,9.0,41.5,67.0,148.4,32.0,1
Tirupati,5.17,15.3,34.7,56.0,121.6,3.4,0
Kurnool,7.17,49.7,39.8,63.0,180.5,43.9,0
Tirupati,6.82,43.4,32.5,94.0,129.2,12.1,1
Nellore,2.51,9.9,34.6,86.0,68.3,14.6,0
Tirupati,5.64,8.2,26.9,55.0,113.3,20.7,0
Kurnool,6.6,22.3,35.9,58.0,119.2,10.8,0
Nellore,5.12,9.4,32.9,66.0,115.9,10.8,0
Tirupati,2.22,5.1,29.0,75.0,43.4,9.3,0
Nellore,5.95,9.7,25.6,91.0,123.6,9.7,0
Vijayawada,4.9,4.9,31.1,55.0,128.2,5.6,0
Vijayawada,1.62,52.2,25.9,52.0,28.0,10.6,0
Tirupati,1.53,4.0,38.0,95.0,44.9,8.3,0
Nellore,6.84,109.2,22.1,92.0,142.2,21.6,0
Kurnool,4.6,8.3,38.9,77.0,122.5,18.9,0
Tirupati,2.17,45.0,31.7,56.0,39.9,12.2,0
Vijayawada,1.01,9.5,40.1,72.0,25.8,19.7,0
Vijayawada,4.55,12.6,34.3,66.0,96.7,12.1,0
Tirupati,3.84,38.0,36.9,82.0,64.6,10.8,0
Nellore,7.78,6.8,34.1,71.0,180.5,17.6,1
Vijayawada,7.46,12.6,32.0,56.0,160.3,13.9,1
Nellore,4.91,37.2,28.2,100.0,123.6,14.2,1
Vijayawada,3.46,54.3,27.9,83.0,79.2,10.6,0
Vijayawada,3.24,9.5,29.9,68.0,76.3,9.6,0
Guntur,5.58,13.0,26.2,73.0,148.1,32.9,0
Vijayawada,6.75,16.7,32.7,85.0,124.0,37.2,0
Kurnool,5.99,4.3,26.2,34.0,140.8,15.4,0
Tirupati,2.28,16.8,22.2,83.0,39.9,11.9,0
Tirupati,3.15,39.2,34.8,92.0,70.5,16.6,1
Nellore,5.31,27.6,23.6,72.0,114.0,6.3,0
Vijayawada,4.52,10.1,29.2,60.0,47.1,5.8,0
Kurnool,1.5,167.6,36.2,65.0,16.2,17.1,0
Nellore,8.18,50.2,34.3,63.0,202.2,4.2,1
Guntur,5.03,250.0,34.1,62.0,127.2,23.1,1
Nellore,3.47,48.9,24.8,87.0,74.7,13.1,0
Nellore,3.35,49.3,31.4,73.0,68.5,10.7,0
Vijayawada,6.73,6.8,29.5,58.0,165.5,26.3,0
Guntur,4.19,36.1,29.5,71.0,81.2,13.8,0
Nellore,6.92,4.6,34.5,59.0,147.4,23.3,0
Kurnool,7.06,5.2,27.9,83.0,128.5,14.8,0
Kurnool,4.52,4.0,31.3,95.0,90.3,24.0,0
Tirupati,6.0,37.1,31.2,77.0,112.8,6.6,0
Guntur,3.3,7.7,26.8,76.0,56.7,2.5,0
Guntur,2.75,24.6,30.4,100.0,53.7,34.7,0
Tirupati,1.94,42.6,36.3,67.0,22.5,38.7,0
Nellore,4.96,10.5,26.8,80.0,95.5,8.2,0
Guntur,5.48,63.7,30.2,98.0,121.2,29.2,0
Kurnool,1.37,2.9,33.1,90.0,14.5,47.5,0
Kurnool,8.08,40.0,32.4,73.0,182.7,29.1,0
Vijayawada,5.41,44.9,32.7,84.0,87.6,16.3,0
Guntur,3.66,29.8,33.6,72.0,95.6,60.5,0
Nellore,3.55,42.7,19.0,36.0,84.8,3.3,0
Tirupati,3.16,7.5,30.7,59.0,78.5,20.6,0
Tirupati,0.86,30.0,22.3,74.0,12.5,25.8,0
Nellore,4.32,64.2,30.9,56.0,128.0,19.6,0
Vijayawada,1.19,16.4,25.4,86.0,10.0,17.4,0
Tirupati,9.89,26.0,26.9,72.0,217.4,4.1,1
Guntur,7.8,21.8,33.6,49.0,162.9,17.8,1
Vijayawada,1.02,37.9,21.0,60.0,39.8,20.0,0
Guntur,0.5,63.1,27.2,71.0,10.0,35.6,0
Kurnool,6.15,14.1,24.8,100.0,127.5,55.2,0
Vijayawada,4.25,19.6,28.0,100.0,92.0,11.2,0
Tirupati,0.5,46.5,36.1,77.0,56.3,20.3,0
Vijayawada,5.3,160.8,26.9,68.0,116.0,12.7,0
Vijayawada,2.78,18.5,33.3,77.0,60.9,20.8,0
Vijayawada,4.45,65.7,32.0,67.0,85.1,90.0,0
Vijayawada,1.56,61.8,31.2,50.0,10.0,17.0,1
Guntur,2.99,13.3,24.2,84.0,76.6,20.9,0
Kurnool,6.84,4.7,33.4,78.0,158.7,15.1,0
Nellore,3.11,11.0,25.3,79.0,69.8,7.9,0
Vijayawada,5.28,20.9,29.6,91.0,136.8,24.7,0
Tirupati,1.8,29.9,31.8,61.0,28.7,7.4,0
Vijayawada,1.51,13.5,32.1,60.0,21.4,21.3,0
Tirupati,4.31,2.8,32.1,79.0,87.8,16.1,0
Guntur,2.96,53.3,35.0,56.0,68.2,14.7,0
Tirupati,4.3,15.6,29.1,63.0,70.9,28.6,0
Nellore,4.75,5.0,37.5,68.0,98.9,35.6,0
Kurnool,5.79,15.5,27.9,87.0,126.8,16.9,0
Tirupati,0.83,4.5,37.4,58.0,31.7,14.1,0
Tirupati,3.5,11.5,35.0,75.0,102.8,6.2,0
Kurnool,8.46,31.3,27.5,49.0,200.3,70.0,1
Nellore,8.14,25.9,24.3,85.0,166.1,8.2,1
Vijayawada,4.62,11.3,23.8,73.0,98.0,10.4,0
Tirupati,1.9,25.4,31.8,73.0,46.3,36.7,0
Kurnool,8.85,18.4,28.6,69.0,210.2,19.7,1
Guntur,0.5,28.5,25.1,84.0,28.5,10.2,0
Kurnool,4.38,111.1,34.5,48.0,88.7,7.2,0
Guntur,4.19,27.8,29.9,72.0,84.8,5.1,0
Nellore,6.38,36.4,22.4,57.0,140.5,9.6,0
Vijayawada,7.97,94.4,28.8,50.0,202.7,13.1,1
Kurnool,10.76,9.3,32.8,51.0,219.5,5.1,1
Tirupati,1.79,5.3,33.3,50.0,59.1,17.1,0
Nellore,10.03,41.0,33.2,47.0,198.4,13.2,1
Kurnool,7.44,20.3,26.2,55.0,192.8,6.7,0
Tirupati,7.95,50.3,33.2,46.0,177.3,12.9,1
Kurnool,6.58,89.7,25.9,86.0,167.9,13.8,0
Guntur,4.72,3.5,27.8,96.0,100.8,16.3,0
Kurnool,8.25,64.8,25.2,67.0,175.2,17.3,0
Kurnool,4.62,5.6,36.2,70.0,125.5,34.4,0
Kurnool,10.53,27.1,35.7,63.0,231.3,11.9,1
Nellore,5.34,13.7,26.1,51.0,121.4,41.3,0
Kurnool,6.74,34.5,29.4,71.0,141.3,6.3,1
Tirupati,0.5,17.6,25.2,72.0,35.7,44.0,0
Guntur,5.47,25.0,29.7,92.0,139.8,14.5,0
Guntur,0.5,18.4,33.4,95.0,10.0,27.4,0
Kurnool,4.69,81.5,39.1,66.0,74.0,9.1,0
Nellore,6.65,74.3,30.9,77.0,185.4,28.4,1
Nellore,9.74,33.6,26.0,80.0,223.2,11.2,1
Tirupati,3.83,21.5,28.4,61.0,89.6,9.1,0
Kurnool,7.18,33.5,29.7,67.0,186.8,14.0,0
Guntur,1.52,41.8,25.9,82.0,27.5,11.0,0
Nellore,8.18,25.6,31.1,63.0,197.1,16.7,1
Kurnool,8.21,22.6,24.5,94.0,172.8,9.3,0
Nellore,4.07,34.4,35.5,100.0,128.7,14.7,0
Nellore,7.09,18.3,28.3,65.0,144.5,10.9,0
Guntur,4.41,14.3,30.4,94.0,99.5,33.4,0
Vijayawada,4.02,82.7,29.6,34.0,88.4,11.6,1
Tirupati,2.42,6.2,34.8,79.0,18.8,8.6,0
Tirupati,2.34,33.7,29.9,58.0,37.2,8.3,0
Guntur,4.06,15.8,34.5,58.0,66.5,13.7,0
Nellore,5.01,61.5,20.9,62.0,92.5,30.4,0
Kurnool,4.62,21.6,24.5,77.0,114.6,6.3,1
Nellore,3.96,46.4,31.1,67.0,65.2,12.2,0
Guntur,6.01,232.5,18.7,56.0,168.5,4.6,1
Tirupati,4.29,5.3,26.0,78.0,129.8,17.0,0
Nellore,5.4,16.4,32.0,67.0,125.7,8.1,0
Tirupati,8.27,4.3,28.0,42.0,171.9,8.0,1
Kurnool,7.83,18.7,25.2,100.0,172.2,9.6,0
Tirupati,5.78,14.1,33.6,62.0,89.2,13.4,0
Tirupati,3.38,20.5,28.2,100.0,115.6,16.1,0
Vijayawada,4.71,52.7,31.9,61.0,76.0,25.6,0
Vijayawada,4.36,6.5,35.8,64.0,95.0,18.0,0
Vijayawada,6.57,27.3,28.9,74.0,117.1,3.2,0
Tirupati,7.65,66.4,27.7,49.0,173.8,9.3,1
Guntur,10.02,64.6,34.2,59.0,230.9,33.0,1
Tirupati,6.65,33.4,29.4,87.0,132.4,5.4,0
Guntur,4.91,19.6,32.9,81.0,86.7,26.1,0
Guntur,6.33,8.3,32.1,59.0,161.3,13.3,0
Vijayawada,11.11,25.4,26.3,40.0,220.5,28.3,1
Nellore,4.99,26.0,30.6,97.0,142.3,29.4,0
Kurnool,10.33,49.6,34.1,84.0,222.4,16.0,1
Vijayawada,4.71,40.8,30.4,54.0,100.3,11.8,1
Vijayawada,1.08,33.3,21.8,64.0,33.8,21.6,0
Nellore,6.2,44.6,34.9,54.0,157.5,8.4,0
Kurnool,6.55,11.7,23.5,52.0,111.4,23.7,0
Tirupati,4.46,14.9,32.9,85.0,111.1,13.4,0
Tirupati,3.89,18.1,33.2,60.0,71.6,20.3,0
Vijayawada,4.95,13.9,33.3,59.0,117.9,11.4,0
Kurnool,8.76,16.2,34.4,70.0,189.5,28.5,0
Vijayawada,4.52,31.3,23.4,78.0,137.7,17.9,0
Guntur,0.5,124.2,34.2,42.0,59.0,67.0,0
Vijayawada,1.96,3.3,33.6,77.0,26.0,14.2,0
Vijayawada,2.2,13.9,28.7,51.0,25.4,13.7,0
Tirupati,1.69,15.3,29.9,67.0,15.9,20.8,0
Tirupati,3.26,41.2,32.5,64.0,67.4,29.6,0
Tirupati,2.05,28.4,33.4,69.0,35.5,53.3,0
Guntur,2.51,9.9,35.2,60.0,31.9,25.3,0
Tirupati,3.63,29.1,30.5,62.0,76.8,8.6,0
Kurnool,6.04,21.8,33.1,89.0,134.4,12.4,0
Nellore,6.94,13.5,26.7,58.0,148.7,8.3,0
Kurnool,10.59,27.6,32.0,56.0,250.5,20.4,1
Kurnool,6.13,4.3,30.8,61.0,134.9,36.3,0
Tirupati,0.5,45.9,30.5,65.0,10.0,23.2,0
Nellore,3.35,52.1,28.5,71.0,46.9,22.6,0
Nellore,3.24,15.8,34.5,74.0,90.1,28.4,0
Nellore,5.84,39.1,35.1,31.0,141.2,8.5,0
Guntur,0.96,16.8,26.0,40.0,23.7,8.8,0
Tirupati,2.56,25.9,28.6,72.0,61.5,18.5,0
Nellore,3.16,21.1,33.5,64.0,101.1,20.2,0
Guntur,5.02,15.4,24.6,25.0,114.1,19.1,0
Vijayawada,2.43,21.5,29.6,81.0,42.1,7.8,0
Vijayawada,7.57,22.3,28.5,56.0,193.1,5.7,1
Guntur,0.5,13.8,29.1,42.0,10.0,12.0,0
Guntur,3.35,17.9,30.9,47.0,81.7,24.8,0
Tirupati,2.24,19.2,24.7,86.0,43.8,25.5,1
Tirupati,6.81,50.0,33.9,74.0,130.6,16.4,1
Vijayawada,4.83,26.2,27.2,70.0,111.0,9.5,0
Nellore,2.98,13.8,27.3,79.0,75.5,13.8,0
Vijayawada,0.65,65.1,31.1,69.0,19.0,90.0,0
Nellore,5.77,14.9,31.9,68.0,132.6,18.6,0
Nellore,3.71,34.0,26.4,80.0,101.3,9.7,0
Tirupati,3.21,36.8,26.2,73.0,95.8,20.3,0
Kurnool,7.14,10.9,33.1,76.0,198.3,15.7,0
Kurnool,4.56,9.6,30.6,73.0,98.3,8.3,0
Guntur,3.57,21.9,27.0,74.0,60.1,6.7,0
Tirupati,2.97,74.5,27.3,69.0,57.1,4.6,0
Nellore,8.04,21.4,26.2,72.0,174.6,5.9,0
Kurnool,7.5,3.4,36.7,76.0,186.7,9.6,0
Nellore,5.68,13.6,33.4,72.0,132.9,15.3,0
Kurnool,7.9,211.1,31.9,71.0,167.0,15.5,1
Kurnool,6.06,7.9,33.3,55.0,125.9,20.1,0
Kurnool,8.78,8.3,24.0,56.0,192.9,6.0,0
Tirupati,3.27,28.9,24.1,81.0,35.2,12.7,0
Vijayawada,2.65,208.7,32.8,84.0,67.5,10.3,0
Nellore,4.18,11.3,30.7,44.0,82.6,11.0,0
Tirupati,7.46,40.5,29.5,69.0,103.2,10.4,1
Tirupati,4.47,118.2,28.9,68.0,120.3,10.7,1
Tirupati,7.34,45.5,31.1,56.0,140.0,19.3,1
Tirupati,2.67,10.1,37.5,90.0,45.6,16.5,0
Tirupati,0.5,203.9,31.6,63.0,21.4,7.5,0
Guntur,3.59,122.6,24.8,79.0,77.3,47.5,1
Nellore,2.39,19.8,39.7,83.0,45.0,4.4,0
Tirupati,1.69,17.1,30.9,85.0,61.5,7.8,0
Nellore,3.31,24.5,23.0,61.0,68.4,10.8,0
Guntur,3.45,23.9,25.2,76.0,78.3,18.1,0
Guntur,3.62,58.8,34.3,58.0,79.0,21.7,0
Nellore,6.95,62.9,31.7,80.0,146.9,9.9,0
Kurnool,5.85,25.4,27.0,88.0,154.0,10.7,0
Vijayawada,5.11,3.3,29.1,70.0,64.1,13.7,0
Kurnool,5.55,9.9,20.8,50.0,99.8,19.9,0
Kurnool,6.5,120.3,24.0,65.0,145.4,8.0,1
Kurnool,4.35,8.3,28.7,56.0,94.3,24.9,0
Tirupati,3.63,7.2,28.1,83.0,103.8,28.4,0
Guntur,4.77,79.3,35.4,75.0,132.7,15.1,0
Kurnool,6.14,14.2,24.4,67.0,136.8,7.6,0
Guntur,5.84,11.4,35.1,52.0,110.1,32.1,0
Nellore,3.16,35.6,30.8,100.0,91.3,16.3,1
Vijayawada,8.88,21.9,24.4,51.0,200.8,6.0,1
Nellore,6.05,14.8,25.4,91.0,130.4,8.5,0
Nellore,2.8,67.4,33.9,76.0,32.4,8.8,0
Tirupati,7.22,16.0,31.4,81.0,165.0,8.8,1
Vijayawada,6.08,37.2,28.8,85.0,112.4,23.3,1
Nellore,6.41,15.2,20.3,41.0,120.7,9.1,0
Nellore,5.7,55.0,23.2,81.0,135.8,27.4,0
Vijayawada,2.33,37.0,38.1,84.0,87.3,15.3,0
Vijayawada,7.29,83.6,31.5,78.0,165.5,13.5,1
Nellore,4.92,72.8,36.5,83.0,88.9,16.7,0
Vijayawada,7.54,29.5,34.1,68.0,200.5,3.8,0
Nellore,6.62,26.6,31.5,100.0,144.4,10.9,0
Nellore,3.77,44.8,27.1,62.0,75.4,8.6,0
Tirupati,5.63,53.4,26.7,83.0,142.5,4.7,0
Kurnool,4.92,92.0,29.8,93.0,119.7,8.4,0
Nellore,3.72,24.1,37.7,86.0,91.4,12.5,0
Guntur,5.77,60.5,33.9,51.0,118.9,11.0,0
Kurnool,4.06,143.5,33.8,47.0,89.3,9.8,0
Kurnool,6.78,19.6,33.7,54.0,187.1,12.5,0
Kurnool,3.61,12.1,28.7,48.0,83.9,31.4,0
Tirupati,5.44,83.9,38.2,74.0,135.6,31.1,0
Nellore,6.38,22.8,28.4,62.0,165.5,13.2,0
Tirupati,3.39,21.6,25.0,82.0,53.3,3.8,0
Nellore,3.11,19.2,32.7,70.0,72.2,13.8,0
Tirupati,4.2,19.3,32.4,44.0,74.5,6.2,0
Tirupati,4.78,19.1,31.8,85.0,89.3,20.2,0
Guntur,5.14,85.4,32.9,69.0,125.7,15.9,1
Tirupati,3.25,29.1,34.8,64.0,63.1,11.3,0
Vijayawada,5.0,66.5,30.7,66.0,116.4,14.2,0
Guntur,4.04,3.7,24.3,81.0,106.0,22.2,0
Tirupati,0.5,21.5,32.2,44.0,15.7,23.9,0
Kurnool,10.18,10.8,32.5,63.0,230.5,8.3,1
Vijayawada,5.72,105.5,23.7,67.0,130.0,14.0,1
Vijayawada,4.64,14.6,30.0,82.0,115.0,15.7,0
Vijayawada,0.5,26.5,36.3,56.0,10.0,8.1,0
Guntur,4.71,10.8,28.2,100.0,119.4,11.9,0
Tirupati,4.67,29.4,39.5,40.0,51.0,46.4,0
Tirupati,2.61,41.6,31.0,58.0,60.7,10.5,0
Kurnool,8.62,117.4,23.3,65.0,194.5,4.3,0
Kurnool,8.04,47.5,29.0,61.0,168.7,35.4,0
Vijayawada,6.66,26.5,41.2,57.0,135.1,5.5,0
Kurnool,7.63,7.1,27.2,74.0,133.3,13.3,0
Guntur,0.53,18.6,19.8,49.0,49.4,5.3,0
Tirupati,4.96,110.5,35.7,62.0,134.4,10.1,0
Vijayawada,7.85,16.1,34.4,50.0,178.0,28.0,0
Kurnool,8.85,26.0,31.8,78.0,195.0,10.7,0
Guntur,0.5,12.1,24.8,80.0,22.4,18.9,0
Guntur,1.32,10.0,39.0,68.0,54.0,5.2,0
Kurnool,8.9,18.9,26.8,82.0,180.0,8.6,0
Tirupati,0.5,22.7,27.8,65.0,10.0,21.9,0
Kurnool,8.55,29.9,31.5,77.0,189.7,10.1,1
Vijayawada,5.08,18.0,29.6,87.0,89.0,11.4,0
Kurnool,4.6,40.6,29.3,85.0,109.4,9.7,0
Guntur,5.65,34.7,32.8,75.0,155.9,10.5,1
Kurnool,5.22,33.3,42.8,78.0,106.4,10.4,1
Tirupati,2.41,23.3,38.1,93.0,97.5,36.0,0
Nellore,2.28,45.5,30.5,42.0,75.2,17.3,0
Kurnool,4.18,30.9,37.6,38.0,61.1,20.2,0
Tirupati,4.43,65.6,21.3,56.0,75.3,22.7,0
Tirupati,8.09,69.7,32.9,37.0,189.5,18.4,1
Guntur,4.05,76.3,30.8,64.0,89.9,31.1,0
Tirupati,5.61,25.9,36.3,76.0,138.5,22.0,0
Tirupati,4.06,12.9,33.8,63.0,57.8,7.4,0
Tirupati,1.18,5.8,31.6,59.0,39.3,5.0,0
Tirupati,6.12,53.3,19.6,73.0,124.7,22.8,0
Vijayawada,7.34,18.8,20.1,52.0,178.9,35.5,0
Vijayawada,8.81,25.9,23.6,61.0,197.9,15.6,1
Guntur,4.92,10.9,24.3,54.0,98.9,8.9,0
Kurnool,4.6,74.1,24.0,56.0,74.5,12.8,0
Tirupati,6.55,27.2,40.6,67.0,81.5,32.3,1
Kurnool,6.27,106.5,30.7,91.0,178.0,11.9,1
Kurnool,9.39,43.8,26.6,89.0,223.6,9.2,1
Guntur,0.78,96.6,33.9,87.0,10.0,14.1,1
Tirupati,3.61,29.3,40.1,80.0,49.9,8.4,0
Tirupati,4.84,55.2,23.8,71.0,104.9,9.1,0
Nellore,1.18,69.7,26.0,86.0,45.0,55.1,0
Kurnool,6.07,17.2,26.7,81.0,153.5,12.8,0
Kurnool,2.87,13.2,30.8,35.0,97.9,8.8,0
Vijayawada,4.4,66.6,39.3,85.0,87.5,21.5,0
Nellore,2.16,7.9,31.9,58.0,83.6,14.0,0
Vijayawada,4.3,4.0,27.5,88.0,101.5,17.2,0
Vijayawada,3.11,38.1,28.9,83.0,104.8,10.6,0
Vijayawada,6.59,8.5,22.0,50.0,126.5,34.2,0
Guntur,0.98,50.5,37.7,82.0,16.8,16.5,0
Guntur,5.27,16.7,26.0,94.0,119.5,11.1,0
Vijayawada,3.66,49.5,26.4,100.0,72.2,19.8,0
Nellore,4.66,24.6,35.2,80.0,94.7,16.3,0
Kurnool,5.34,54.2,21.3,66.0,137.4,12.7,0
Nellore,0.84,74.5,28.3,70.0,10.0,4.8,0
Tirupati,0.5,14.1,23.0,61.0,11.8,21.8,0
Guntur,4.92,14.5,31.0,85.0,88.3,3.3,0
Kurnool,6.69,16.5,21.0,73.0,179.8,12.6,0
Kurnool,6.33,20.7,34.6,63.0,113.6,22.9,0
Tirupati,3.68,4.2,31.8,100.0,76.1,12.1,0
Tirupati,4.95,15.4,24.5,52.0,114.3,10.7,0
Vijayawada,5.9,85.5,30.5,67.0,129.0,8.5,0
Guntur,4.2,29.3,36.5,100.0,105.8,27.3,0
Guntur,2.23,26.6,37.3,91.0,49.3,24.4,0
Nellore,7.8,7.6,26.0,56.0,178.1,28.3,0
Vijayawada,7.52,10.9,35.0,57.0,107.5,13.3,1
Vijayawada,2.9,32.8,25.9,84.0,85.7,9.7,0
Vijayawada,3.7,156.4,21.8,56.0,78.3,4.1,0
Vijayawada,2.13,22.1,27.8,61.0,62.8,21.7,0
Guntur,2.78,39.6,29.0,47.0,79.2,7.8,0
Guntur,2.96,38.2,15.7,64.0,56.0,32.9,1
Vijayawada,4.4,29.2,30.1,66.0,95.7,17.4,0
Nellore,5.82,67.8,20.5,83.0,112.8,14.4,1
Kurnool,7.83,18.1,25.1,65.0,154.9,18.2,0
Kurnool,6.64,18.6,34.5,78.0,145.5,8.9,0
Nellore,4.39,10.5,36.1,67.0,100.4,19.7,0
Vijayawada,3.55,65.0,28.2,89.0,101.4,8.2,0
Guntur,3.34,14.1,34.7,68.0,77.7,9.6,0
Kurnool,5.6,28.0,36.5,72.0,124.7,19.6,0
Tirupati,4.12,39.9,30.9,62.0,108.5,15.2,0
Tirupati,4.59,22.7,32.6,88.0,83.3,5.6,0
Nellore,5.23,20.2,29.1,97.0,93.2,11.2,0
Vijayawada,3.34,53.5,30.4,75.0,66.4,8.6,0
Kurnool,7.72,7.1,23.4,63.0,181.6,21.3,0
Vijayawada,4.27,20.2,37.5,100.0,94.5,6.7,0
Kurnool,4.44,4.6,37.6,86.0,103.7,32.7,0
Nellore,3.39,39.5,34.9,86.0,59.0,7.9,0
Nellore,2.78,16.4,26.4,77.0,62.1,27.1,0
Tirupati,4.42,139.5,26.7,44.0,76.3,7.9,0
Vijayawada,2.1,12.8,35.7,87.0,76.8,13.5,0
Tirupati,8.09,75.3,32.8,65.0,177.5,12.9,1
Vijayawada,8.04,156.3,33.9,79.0,154.5,25.6,1
Tirupati,3.77,8.4,43.3,72.0,59.4,90.0,0
Guntur,0.5,11.0,20.4,72.0,26.9,17.2,0
Guntur,3.05,21.2,24.9,100.0,77.7,7.0,0
Guntur,6.36,250.0,31.7,80.0,127.9,9.8,1
Guntur,4.34,33.7,35.7,71.0,97.6,14.8,0
Kurnool,7.76,37.0,26.8,78.0,162.1,17.8,1
Guntur,7.81,16.2,25.4,70.0,170.3,15.2,0
Nellore,6.26,64.7,35.4,73.0,144.5,16.5,0
Nellore,3.34,7.9,38.5,81.0,69.1,13.6,0
Kurnool,6.56,23.4,31.1,64.0,154.8,10.9,0
Guntur,1.53,39.3,25.6,60.0,35.4,60.6,0
Guntur,3.25,40.1,32.4,70.0,89.1,9.0,0
Guntur,1.02,51.8,30.8,85.0,11.3,9.2,0
Tirupati,0.5,21.4,38.1,75.0,10.0,25.8,0
Vijayawada,5.71,27.1,25.2,84.0,120.8,26.9,0
Tirupati,6.43,17.4,29.3,53.0,130.4,13.4,0
Vijayawada,5.84,34.5,33.4,64.0,119.8,32.0,0
Guntur,3.39,40.3,25.6,73.0,75.0,71.3,1
Guntur,0.5,29.6,32.4,99.0,19.2,5.5,0
Tirupati,4.17,19.0,23.4,56.0,59.3,6.9,0
Tirupati,6.08,10.8,37.4,83.0,119.3,5.0,0
Vijayawada,4.95,48.6,36.9,82.0,137.2,8.2,0
Nellore,5.28,133.3,23.4,62.0,124.0,27.1,0
Vijayawada,5.24,27.8,23.5,61.0,97.3,25.7,0
Tirupati,2.52,62.0,32.2,78.0,59.3,15.5,0
Tirupati,5.41,18.1,29.5,88.0,121.3,10.8,0
Kurnool,7.76,9.9,31.3,63.0,197.1,6.9,0
Tirupati,3.37,9.3,30.9,56.0,74.8,9.5,0
Kurnool,6.86,9.5,29.3,64.0,164.6,8.5,0
Nellore,5.4,9.6,35.3,81.0,144.9,16.0,0
Vijayawada,4.79,22.9,26.2,77.0,114.7,20.7,0
Vijayawada,2.69,8.7,29.6,70.0,74.4,18.3,0
Kurnool,5.07,39.5,30.0,75.0,112.3,21.1,0
Vijayawada,5.59,21.5,31.5,52.0,155.8,16.9,0
Tirupati,2.3,15.2,37.3,82.0,82.7,17.8,0
Guntur,3.96,58.6,29.5,54.0,105.2,7.4,0
Kurnool,6.64,15.8,34.9,80.0,139.0,13.3,0
Vijayawada,3.5,4.5,33.0,46.0,61.1,17.5,0
Kurnool,6.22,14.3,33.7,72.0,134.6,9.3,0
Kurnool,9.53,21.1,22.2,53.0,213.2,25.0,1
Guntur,4.75,104.8,32.4,56.0,110.0,11.0,1
Tirupati,1.93,3.7,36.6,67.0,43.5,24.5,0
Kurnool,7.04,26.6,36.0,100.0,168.6,14.5,0
Vijayawada,5.05,34.1,32.6,77.0,84.3,28.2,0
Nellore,4.54,49.2,33.5,90.0,91.9,34.8,1
Kurnool,3.39,54.4,23.1,83.0,59.1,5.2,0
Kurnool,10.96,24.6,22.6,60.0,243.5,18.3,1
Guntur,2.54,17.6,32.2,83.0,44.0,8.3,0
Tirupati,8.33,15.2,25.0,47.0,207.7,13.6,1
Nellore,9.46,7.4,15.9,50.0,230.7,4.6,1
Vijayawada,3.74,29.5,32.3,72.0,118.0,16.5,0
Nellore,4.93,7.6,22.6,45.0,112.4,11.7,0
Vijayawada,9.57,34.0,29.5,89.0,181.5,10.0,1
Tirupati,4.86,11.9,27.7,79.0,81.4,21.1,0
Vijayawada,2.53,25.4,20.4,92.0,71.6,16.5,0
Guntur,0.5,89.6,24.2,63.0,16.8,13.1,0
Guntur,6.52,38.3,26.0,88.0,162.8,16.0,1
Guntur,0.5,18.0,23.2,43.0,10.0,15.5,0
Guntur,2.93,250.0,26.4,92.0,63.9,20.2,0
Nellore,4.29,50.2,31.0,64.0,113.6,13.1,1
Tirupati,0.73,5.0,21.5,57.0,30.1,21.3,0
Vijayawada,4.81,20.3,34.5,61.0,129.9,22.8,0
Vijayawada,7.12,102.8,28.5,93.0,200.2,10.5,1
Guntur,4.46,23.3,29.7,68.0,118.7,5.7,0
Guntur,1.81,30.6,31.3,63.0,38.6,9.8,0
Kurnool,10.81,52.2,27.7,64.0,213.3,29.4,1
Tirupati,4.51,15.6,32.9,77.0,108.8,32.3,0
Nellore,7.45,104.2,29.0,65.0,159.1,20.1,0
Vijayawada,6.02,73.8,28.3,94.0,128.9,4.2,0
Kurnool,5.4,52.0,25.6,76.0,130.2,15.7,0
Kurnool,7.68,26.1,23.1,81.0,189.6,7.2,0
Vijayawada,2.73,7.6,26.8,68.0,51.9,14.8,0
Nellore,4.78,66.6,17.7,78.0,124.1,9.3,0
Kurnool,4.57,44.7,26.1,52.0,77.5,52.2,0
Kurnool,7.85,39.5,30.8,61.0,197.5,9.9,1
Tirupati,4.91,39.3,34.0,61.0,94.9,13.9,0
Nellore,6.1,16.4,26.9,82.0,170.8,11.6,0
Kurnool,7.25,13.8,31.3,80.0,146.7,28.3,0
Nellore,2.46,68.7,20.0,51.0,43.9,18.9,0
Vijayawada,5.87,13.3,29.0,62.0,137.9,4.8,0
Guntur,5.17,25.8,29.3,77.0,128.3,22.4,1
Kurnool,9.73,2.6,35.6,66.0,199.2,8.5,1
Tirupati,4.75,6.4,28.0,58.0,101.0,21.7,0
Vijayawada,4.32,16.0,33.0,80.0,104.9,12.5,0
Nellore,5.33,38.8,32.5,52.0,102.0,16.9,0
Vijayawada,4.97,17.4,36.0,57.0,127.8,9.8,0
Kurnool,6.41,22.1,28.5,62.0,194.7,21.9,0
Nellore,8.72,21.9,28.0,58.0,222.6,23.5,1
Guntur,3.01,60.3,27.7,69.0,101.9,17.5,0
Vijayawada,7.23,13.1,23.5,60.0,138.2,19.2,1
Kurnool,7.2,14.3,35.5,70.0,165.9,8.4,0
Tirupati,0.91,1.3,31.2,72.0,17.6,14.3,0
Nellore,8.87,73.1,26.9,59.0,208.5,15.7,1
Vijayawada,4.22,18.9,26.6,53.0,93.1,15.7,0
Vijayawada,2.27,8.3,26.5,75.0,36.4,6.5,0
Guntur,7.3,48.3,39.1,80.0,156.2,7.8,1
Guntur,4.89,22.6,35.3,69.0,91.8,30.7,0
Tirupati,4.68,28.4,27.7,76.0,87.5,6.5,0
Tirupati,4.82,26.0,27.8,92.0,65.8,16.2,0
Kurnool,2.97,17.5,35.9,51.0,58.4,37.4,0
Kurnool,9.57,8.6,29.4,63.0,222.6,19.0,1
Tirupati,2.57,12.4,28.9,67.0,35.0,9.2,0
Tirupati,6.05,23.3,29.8,69.0,166.0,33.5,0
Nellore,5.45,83.2,24.9,77.0,96.3,17.1,0
Guntur,4.69,40.7,33.5,75.0,62.0,4.8,0
Kurnool,6.6,10.9,31.7,75.0,146.4,14.6,0
Guntur,3.46,17.1,21.9,71.0,80.7,7.4,0
Guntur,4.6,76.2,29.1,80.0,90.6,7.2,0
Tirupati,1.95,45.3,36.0,85.0,60.8,14.6,0
Nellore,4.89,7.9,30.9,54.0,76.4,8.7,0
Vijayawada,7.33,5.7,24.1,74.0,171.7,12.9,1
Nellore,9.03,23.2,27.7,85.0,197.2,24.2,1
Nellore,8.71,55.3,31.2,71.0,188.5,26.1,1
Guntur,7.79,19.7,34.1,100.0,134.4,11.4,1
Nellore,2.76,24.6,23.6,53.0,46.9,14.6,0
Kurnool,10.66,45.6,24.7,85.0,246.5,13.2,1
Guntur,0.5,61.3,34.2,61.0,10.0,7.2,1
Kurnool,5.6,59.9,31.3,74.0,109.1,12.5,0
Vijayawada,0.5,32.6,28.3,81.0,21.3,8.9,0
Guntur,8.46,16.2,29.2,83.0,172.0,22.6,1
Vijayawada,0.5,22.5,27.2,54.0,29.0,27.8,0
Guntur,0.5,32.1,22.3,79.0,10.0,7.7,0
Tirupati,6.99,50.6,26.0,80.0,145.6,17.9,1
Nellore,7.9,49.6,40.9,78.0,192.0,5.3,0
Tirupati,4.57,37.8,31.3,100.0,90.0,17.5,0
Vijayawada,2.8,24.0,21.2,58.0,63.4,14.0,0
Nellore,4.61,46.1,26.0,42.0,104.6,25.6,0
Guntur,3.97,40.4,35.1,80.0,81.2,8.1,1
Nellore,8.0,21.4,27.5,31.0,160.0,6.1,0
Kurnool,9.7,23.4,26.2,75.0,251.8,12.5,1
Nellore,8.98,6.9,22.8,45.0,174.8,15.7,1
Kurnool,8.38,74.6,28.9,73.0,189.9,25.3,0
Nellore,6.61,39.5,27.1,67.0,106.0,22.7,0
Kurnool,8.3,8.3,32.4,69.0,203.2,19.9,0
Vijayawada,4.95,11.6,24.9,61.0,107.4,19.3,0
Tirupati,2.6,11.1,35.9,51.0,37.9,8.9,0
Guntur,2.03,18.4,31.9,63.0,48.3,31.5,0
Nellore,6.47,13.5,38.3,86.0,138.7,9.4,0
Tirupati,4.0,22.3,33.5,78.0,87.3,25.3,0
Guntur,3.45,11.6,28.1,55.0,59.7,4.5,0
Guntur,3.02,51.7,41.1,73.0,71.1,13.8,0
Kurnool,7.47,38.1,23.7,58.0,141.0,3.0,0
Vijayawada,5.23,58.0,33.2,71.0,135.3,13.6,0
Vijayawada,2.27,4.7,40.5,98.0,11.0,13.2,0
Tirupati,0.5,105.2,36.1,80.0,11.0,19.0,0
Vijayawada,2.88,2.1,28.9,83.0,63.0,19.6,0
Nellore,5.3,25.2,44.8,82.0,168.3,13.4,0
Vijayawada,6.82,20.4,28.7,84.0,134.6,37.9,0
Tirupati,5.95,5.9,27.8,70.0,119.0,12.2,1
Vijayawada,2.53,3.0,36.2,48.0,68.0,27.4,0
Nellore,3.12,44.5,30.5,100.0,84.7,18.4,0
Kurnool,9.04,63.2,30.7,71.0,207.1,26.1,1
Tirupati,5.38,8.8,24.3,66.0,119.3,31.1,1
Kurnool,6.15,4.8,24.9,68.0,101.5,9.5,0
Kurnool,4.42,12.2,36.8,79.0,112.5,13.2,0
Kurnool,4.82,43.1,32.9,77.0,81.9,9.5,0
Guntur,2.32,99.8,27.3,75.0,38.7,21.3,0
Guntur,1.95,28.0,34.5,71.0,42.2,27.8,0
Kurnool,10.56,32.7,26.2,65.0,250.8,8.6,1
Tirupati,2.74,59.8,28.8,52.0,53.6,13.2,0
Nellore,5.32,23.1,31.3,69.0,163.6,14.9,0
Nellore,0.5,26.3,32.3,61.0,10.0,12.7,0
Vijayawada,8.5,33.0,25.4,59.0,162.7,14.1,1
Tirupati,2.3,29.3,30.5,64.0,40.5,11.6,0
Guntur,2.58,4.4,33.2,50.0,41.8,17.3,0
Kurnool,8.01,3.1,31.4,87.0,179.8,9.9,0
Vijayawada,6.47,67.5,24.4,55.0,154.5,19.8,0
Nellore,6.67,4.9,29.0,67.0,151.7,13.5,0
Guntur,3.59,12.9,24.2,70.0,76.7,21.8,1
Guntur,7.55,7.2,29.5,56.0,178.8,10.0,1
Kurnool,7.72,50.6,27.8,77.0,207.2,10.2,0
Nellore,3.44,47.6,24.1,73.0,83.9,10.4,1
Tirupati,0.5,44.9,20.3,50.0,10.0,6.5,0
Guntur,2.48,50.6,30.4,100.0,14.3,16.2,0
Kurnool,7.62,3.4,31.9,81.0,141.0,11.1,0
Tirupati,3.45,30.2,30.4,75.0,65.4,16.3,0
Nellore,6.48,59.9,39.0,70.0,134.4,24.4,0
Guntur,7.05,14.8,29.2,67.0,162.5,10.4,1
Tirupati,1.74,89.3,28.3,59.0,26.2,21.8,0
Tirupati,0.5,36.4,24.2,65.0,26.2,20.9,0
Tirupati,4.12,16.7,26.8,53.0,78.3,18.9,0
Guntur,4.35,27.6,33.3,79.0,68.6,14.6,0
Guntur,7.73,39.6,22.3,93.0,155.2,9.8,1
Vijayawada,8.0,63.6,23.1,59.0,191.4,20.9,1
Nellore,2.07,85.0,34.2,78.0,48.2,43.9,0
Kurnool,9.55,65.8,40.3,84.0,199.4,28.3,1
Tirupati,5.82,9.2,31.0,87.0,80.3,21.6,0
Vijayawada,5.7,16.2,29.6,82.0,138.3,15.6,0
Kurnool,7.77,81.6,22.0,81.0,191.4,19.8,0
Vijayawada,2.93,26.3,30.1,86.0,54.5,27.1,0
Guntur,4.31,6.0,30.1,64.0,121.5,4.4,0
Tirupati,3.54,9.2,20.9,45.0,75.3,47.7,0
Kurnool,6.87,24.0,29.0,77.0,161.6,12.2,0
Kurnool,7.97,5.4,34.4,83.0,183.8,10.5,0
Kurnool,6.08,42.5,27.8,80.0,114.2,13.8,0
Kurnool,7.63,49.9,27.0,70.0,171.3,16.8,0
Kurnool,7.95,49.6,38.3,64.0,195.1,16.7,0
Vijayawada,4.74,16.5,34.9,74.0,101.6,7.3,0
Tirupati,4.19,83.2,30.6,93.0,81.7,7.0,1
Guntur,2.83,83.6,21.3,69.0,80.8,19.6,0
Guntur,3.76,16.5,19.8,90.0,97.2,46.2,0
Guntur,0.52,4.3,31.6,79.0,45.7,21.4,0
Guntur,4.01,5.6,35.5,88.0,98.8,5.4,0
Vijayawada,8.19,22.0,32.7,67.0,227.8,22.3,1
Nellore,6.46,9.3,31.4,30.0,130.1,18.7,0
Tirupati,5.07,66.1,35.4,50.0,98.4,7.2,0
Kurnool,4.4,27.8,29.0,78.0,96.4,5.4,0
Nellore,0.87,38.0,28.0,61.0,10.0,13.0,0
Guntur,6.52,108.1,41.3,87.0,135.5,10.5,1
Nellore,6.0,24.1,26.4,54.0,182.5,5.8,0
Tirupati,0.81,22.5,30.7,89.0,18.2,6.5,0
Kurnool,6.58,64.3,24.3,65.0,153.5,15.2,0
Kurnool,7.23,6.0,36.3,96.0,148.9,4.3,0
Tirupati,5.24,73.1,18.3,81.0,132.5,9.6,0
Tirupati,11.82,30.6,21.8,65.0,244.5,20.8,1
Guntur,2.49,35.0,22.5,87.0,50.2,7.4,0
Kurnool,6.61,74.5,28.0,62.0,118.6,11.8,0
Nellore,8.28,27.6,37.8,59.0,176.3,17.0,0
Vijayawada,3.44,77.1,34.1,59.0,38.1,8.7,0
Vijayawada,6.61,45.1,32.8,71.0,124.1,8.9,0
Tirupati,2.3,47.2,30.2,72.0,51.3,24.2,0
Guntur,4.44,61.0,26.5,100.0,122.1,18.4,1
Vijayawada,10.43,9.1,39.7,60.0,228.1,13.6,1
Kurnool,5.02,51.0,27.4,67.0,121.4,9.1,0
Tirupati,3.44,57.2,25.8,51.0,84.8,38.6,1
Nellore,5.12,235.4,23.6,59.0,112.2,57.4,1
Tirupati,2.26,23.0,24.2,47.0,51.1,23.1,0
Nellore,8.58,11.7,31.7,52.0,168.0,29.4,0
Tirupati,3.84,61.4,23.0,60.0,103.3,15.7,0
Tirupati,0.68,5.4,22.5,75.0,10.0,22.8,0
Tirupati,9.75,35.2,32.8,58.0,211.8,12.6,1
Nellore,5.15,26.2,27.0,81.0,92.7,47.2,0
Nellore,5.42,97.4,39.7,82.0,109.1,14.5,1
Tirupati,5.21,62.7,27.2,67.0,147.4,19.3,0
Vijayawada,1.91,54.1,31.2,93.0,43.6,7.0,0
Guntur,4.33,17.9,28.7,68.0,79.5,15.0,0
Guntur,4.89,18.6,36.2,80.0,111.5,11.9,0
Guntur,4.64,7.7,34.9,100.0,100.3,12.1,1
Nellore,8.48,8.2,38.7,80.0,181.6,11.7,1
Nellore,8.8,11.9,30.2,67.0,172.0,15.0,1
Vijayawada,5.6,29.5,27.5,44.0,111.1,11.9,0
Guntur,2.31,55.2,26.8,100.0,15.7,3.6,0
Guntur,5.69,58.6,34.0,62.0,148.1,7.7,0
Tirupati,2.87,10.7,38.7,87.0,48.6,12.1,0
Nellore,7.93,73.4,27.8,74.0,177.2,2.5,1
Guntur,5.81,9.8,31.8,65.0,165.2,35.1,0
Vijayawada,4.86,12.1,26.0,73.0,119.5,14.0,0
Vijayawada,3.56,27.6,34.5,62.0,64.3,8.5,0
Guntur,1.53,12.9,29.7,45.0,16.1,5.9,0
Nellore,8.43,11.6,26.4,59.0,186.7,11.4,0
Vijayawada,3.48,28.5,34.7,60.0,48.2,4.6,0
Tirupati,1.79,76.6,32.2,67.0,54.0,6.2,0
Vijayawada,8.28,25.4,22.4,77.0,207.5,24.1,1
Kurnool,9.1,20.3,20.1,68.0,213.1,7.3,1
Kurnool,4.77,38.1,26.7,63.0,102.7,18.7,0
Nellore,3.93,21.8,15.0,81.0,100.6,27.4,0
Guntur,5.13,10.9,26.0,77.0,113.7,23.0,0
Nellore,5.38,6.0,35.3,63.0,119.0,13.2,0
Nellore,2.96,3.4,24.8,85.0,32.2,9.6,0
Nellore,5.06,47.5,36.8,74.0,81.6,10.6,1
Nellore,3.02,62.3,28.8,77.0,91.7,17.4,1
Tirupati,5.26,9.5,30.1,56.0,109.9,6.7,0
Tirupati,6.41,250.0,29.9,79.0,150.6,15.4,1
Vijayawada,4.68,31.4,35.0,66.0,126.9,4.9,0
Kurnool,6.23,14.0,20.7,90.0,147.4,66.6,0
Nellore,3.42,131.4,24.6,67.0,127.3,17.1,0
Vijayawada,7.62,10.6,18.2,55.0,156.5,11.1,1
Kurnool,8.91,12.6,30.7,68.0,175.7,14.0,0
Guntur,2.18,14.5,40.3,71.0,48.1,22.9,0
Tirupati,1.47,24.5,33.1,52.0,10.1,11.6,0
Kurnool,6.93,13.7,28.1,75.0,182.9,14.3,0
Guntur,2.47,10.3,40.5,93.0,51.9,7.0,0
Kurnool,5.45,54.0,28.7,88.0,121.5,39.1,0
Tirupati,7.05,15.1,23.4,35.0,180.6,14.0,1
Tirupati,6.92,8.5,33.0,73.0,160.9,24.5,1
Vijayawada,5.84,88.7,32.7,73.0,153.7,22.4,0
Nellore,3.7,55.0,36.6,69.0,65.2,9.5,0
Kurnool,9.32,250.0,25.5,67.0,192.6,12.7,1
Kurnool,9.23,82.1,30.4,68.0,193.2,14.2,1
Guntur,5.03,35.2,29.0,77.0,103.0,9.8,0
Tirupati,3.93,37.5,26.8,44.0,65.0,8.0,0
Kurnool,6.08,26.0,28.8,63.0,140.3,17.8,0
Tirupati,0.5,24.8,36.6,83.0,10.0,26.5,1
Kurnool,2.34,85.5,34.2,56.0,66.7,15.1,0
Vijayawada,5.92,15.7,25.7,65.0,154.5,11.0,0
Nellore,6.77,39.6,31.1,59.0,150.2,23.3,0
Kurnool,6.39,65.9,25.3,63.0,107.0,6.3,0
Tirupati,5.84,81.2,29.0,69.0,147.8,8.5,0
Vijayawada,6.38,109.8,27.3,59.0,86.6,12.5,1
Kurnool,7.62,104.0,31.2,89.0,150.4,31.6,0
Guntur,3.97,7.6,26.8,61.0,103.0,20.0,0
Nellore,2.35,34.4,32.1,79.0,36.2,3.0,0
Kurnool,6.05,40.6,35.7,98.0,131.3,13.3,0
Vijayawada,4.6,106.1,27.7,60.0,98.2,18.2,1
Guntur,4.41,4.6,30.1,64.0,71.5,20.0,0
Vijayawada,7.98,64.1,26.4,86.0,182.2,13.8,1
Vijayawada,4.72,38.8,32.7,89.0,83.2,19.4,0
Guntur,3.17,11.4,42.6,54.0,70.8,21.5,0
Vijayawada,4.41,85.9,35.8,56.0,108.7,19.3,1
Guntur,4.97,46.5,36.7,58.0,85.4,16.8,0
Kurnool,8.22,4.5,33.3,77.0,133.9,9.2,0
Guntur,1.44,31.8,39.0,83.0,43.5,12.8,0
Guntur,3.25,6.3,24.1,88.0,74.6,8.5,1
Nellore,7.5,23.8,28.8,73.0,154.2,38.3,0
Guntur,5.94,52.9,32.1,67.0,120.3,12.3,0
Guntur,5.2,104.2,27.4,70.0,90.0,40.3,0
Kurnool,7.56,23.0,37.2,79.0,169.1,20.0,0
Nellore,6.79,5.6,26.7,57.0,158.3,13.5,0
Tirupati,2.56,9.9,32.5,75.0,60.9,13.5,0
Kurnool,8.5,6.5,24.9,69.0,182.3,12.9,0
Kurnool,5.79,132.5,24.4,71.0,106.1,9.7,1
Tirupati,4.17,52.8,27.0,75.0,122.8,22.2,0
Guntur,4.6,18.1,32.2,74.0,84.4,10.8,0
Vijayawada,7.42,131.9,32.0,67.0,182.1,21.4,1
Nellore,5.58,21.6,23.3,86.0,119.0,3.7,1
Vijayawada,4.82,37.3,25.5,54.0,110.9,4.8,0
Tirupati,0.5,18.5,29.6,48.0,21.7,4.0,0
Kurnool,5.15,174.7,21.3,77.0,114.6,11.6,0
Kurnool,9.1,50.8,35.4,91.0,204.2,11.9,1
Nellore,3.58,141.9,29.1,68.0,58.2,12.2,0
Kurnool,8.95,36.0,27.7,73.0,174.8,7.4,0
Kurnool,5.77,57.2,29.7,88.0,125.1,6.1,0
Nellore,12.27,12.0,26.3,50.0,248.8,12.0,1
Nellore,6.52,36.4,32.7,32.0,144.3,12.5,0
Tirupati,6.31,21.4,28.0,70.0,136.1,5.3,0
Kurnool,6.79,67.5,28.4,99.0,113.5,4.0,0
Kurnool,2.91,30.8,28.4,81.0,63.3,11.7,0
Tirupati,4.04,16.9,27.1,74.0,122.1,11.5,1
Guntur,0.91,49.1,33.6,94.0,29.6,10.6,0
Guntur,6.42,52.2,34.1,20.0,150.1,22.6,0
Guntur,3.55,137.3,32.6,57.0,57.5,7.4,0
Tirupati,2.98,185.8,35.0,94.0,29.3,6.3,0
Kurnool,10.39,64.0,32.4,69.0,223.8,9.1,1
Tirupati,4.1,4.9,36.2,57.0,68.3,13.7,0
Tirupati,3.56,38.0,31.1,79.0,85.9,11.6,0
Guntur,1.97,11.2,30.7,41.0,51.2,15.1,0
Vijayawada,4.66,15.7,32.1,88.0,117.0,23.4,0
Kurnool,6.71,15.4,30.6,62.0,155.1,29.7,1
Guntur,7.08,18.9,26.0,78.0,158.1,16.3,1
Vijayawada,6.76,33.0,20.7,85.0,159.2,19.2,0
Vijayawada,3.97,13.7,34.0,79.0,70.6,5.8,0
Nellore,3.22,126.2,32.6,66.0,62.0,6.4,1
Kurnool,9.95,3.7,36.7,65.0,209.1,5.3,1
Vijayawada,3.71,56.3,21.1,76.0,50.1,28.0,0
Guntur,1.92,57.3,37.5,61.0,41.3,18.1,0
Nellore,12.56,11.8,26.8,57.0,272.8,34.6,1
Kurnool,9.82,73.0,27.1,77.0,228.3,32.9,1
Tirupati,2.78,79.9,27.0,41.0,35.1,6.4,1
Guntur,0.62,30.1,31.3,55.0,10.0,14.7,0
Vijayawada,5.9,56.0,20.4,58.0,121.2,8.3,0
Vijayawada,4.96,5.6,29.3,91.0,89.2,5.0,0
Guntur,0.5,52.9,30.4,76.0,44.5,6.7,0
Vijayawada,5.6,77.9,30.9,86.0,104.8,9.3,0
Nellore,3.14,17.6,32.7,100.0,65.9,4.6,0
Kurnool,5.05,10.6,36.2,58.0,103.7,25.2,0
Nellore,8.24,52.9,24.0,40.0,186.7,11.3,0
Vijayawada,1.69,71.5,27.6,60.0,50.4,5.7,1
Tirupati,0.56,47.1,28.2,82.0,10.0,7.7,0
Kurnool,3.86,32.0,23.9,35.0,123.3,15.2,1
Kurnool,6.3,14.0,35.3,76.0,117.9,19.9,0
Guntur,2.92,43.1,32.9,70.0,82.2,22.4,0
Guntur,1.78,21.2,25.7,73.0,47.0,17.3,0
Tirupati,4.96,78.8,24.9,86.0,142.7,14.0,0
Kurnool,9.4,37.2,26.4,71.0,222.3,23.7,0
Tirupati,2.71,29.1,33.8,61.0,70.0,8.0,0
Guntur,0.82,8.6,35.5,73.0,22.4,15.1,0
Guntur,5.03,35.3,30.4,62.0,104.5,25.5,0
Kurnool,5.16,65.6,36.1,75.0,103.1,7.8,0
Nellore,8.07,95.4,22.6,70.0,193.8,3.6,1
Vijayawada,5.77,11.2,29.1,60.0,89.7,21.6,0
Guntur,3.8,24.7,43.2,92.0,52.0,7.8,0
Guntur,2.34,3.8,27.1,60.0,43.9,4.9,0
Nellore,4.53,47.8,27.8,53.0,94.5,44.9,0
Nellore,3.11,13.0,29.7,86.0,108.9,30.5,0
Tirupati,3.16,24.5,24.9,62.0,61.8,14.8,0
Tirupati,1.25,8.5,29.3,81.0,48.9,6.4,0
Vijayawada,5.4,22.4,36.5,76.0,92.4,10.1,0
Vijayawada,4.99,48.5,28.1,71.0,77.9,8.1,0
Kurnool,6.46,13.2,39.3,89.0,109.3,8.4,0
Tirupati,5.02,52.0,30.8,75.0,97.8,18.2,0
Guntur,0.5,22.3,20.8,74.0,10.0,43.2,0
Tirupati,3.91,29.0,22.9,54.0,85.9,24.1,0
Guntur,3.87,7.5,34.7,56.0,95.6,21.9,0
Nellore,9.56,27.1,39.2,56.0,206.2,12.6,1
Tirupati,0.5,19.4,28.4,73.0,25.5,8.3,0
Nellore,6.76,117.5,30.6,78.0,143.9,8.1,0
Vijayawada,3.97,52.5,28.3,63.0,91.7,15.0,0
Vijayawada,4.61,22.5,35.4,64.0,125.2,7.8,0
Kurnool,3.68,66.9,27.1,76.0,75.9,17.0,0
Tirupati,4.23,41.8,32.4,68.0,79.8,11.4,1
Nellore,7.02,16.3,32.6,59.0,162.2,13.6,0
Guntur,3.66,18.3,31.8,64.0,79.4,27.0,0
Vijayawada,4.94,8.6,37.9,48.0,113.3,9.3,0
Vijayawada,4.17,34.7,21.4,72.0,73.0,27.1,0
Guntur,5.65,11.6,26.9,70.0,107.3,8.0,0
Nellore,8.94,24.0,34.4,52.0,187.6,17.3,1
Nellore,1.15,23.1,20.0,67.0,53.4,6.7,0
Tirupati,4.75,19.9,30.1,87.0,64.8,7.1,0
Tirupati,1.7,41.7,24.1,82.0,15.6,38.9,0
Kurnool,6.77,41.5,27.4,73.0,138.7,8.0,0
Vijayawada,3.46,65.2,23.5,59.0,55.7,17.1,0
Tirupati,6.03,74.1,28.7,55.0,134.7,49.2,1
Nellore,8.6,30.2,30.4,62.0,216.8,9.9,1
Guntur,6.34,16.7,43.5,88.0,163.0,27.5,0
Nellore,5.37,129.8,21.2,64.0,123.2,10.7,0
Vijayawada,0.5,82.3,24.9,68.0,10.0,41.0,1
Nellore,4.25,14.5,34.9,76.0,128.6,11.8,1
Kurnool,4.58,51.7,28.3,87.0,135.7,4.0,0
Vijayawada,5.95,7.3,33.6,89.0,146.5,7.9,0
Guntur,4.69,10.7,29.7,88.0,65.3,16.1,0
Kurnool,7.81,64.1,37.2,73.0,133.6,13.1,0
Vijayawada,6.29,29.4,28.4,65.0,165.0,11.3,0
Guntur,5.0,7.0,26.5,71.0,114.5,9.0,0
Kurnool,6.48,19.1,25.4,67.0,127.4,8.2,0
Kurnool,8.03,5.4,32.2,69.0,179.2,9.3,0
Vijayawada,4.68,24.4,26.1,53.0,117.3,11.5,0
Tirupati,1.18,11.9,23.3,73.0,49.6,11.1,0
Kurnool,9.71,13.9,24.4,64.0,199.6,17.4,1
Kurnool,3.98,18.8,35.8,54.0,104.3,8.3,0
Guntur,1.74,5.8,33.0,74.0,42.3,7.2,0
Nellore,3.47,39.8,35.8,75.0,92.5,22.0,0
Vijayawada,5.46,56.1,30.5,82.0,89.5,13.7,0
Vijayawada,4.57,18.6,28.7,84.0,123.2,12.6,0
Tirupati,4.24,22.7,30.7,64.0,97.2,10.6,0
Tirupati,3.73,73.3,31.4,62.0,54.3,13.1,0
Vijayawada,3.23,21.3,28.7,63.0,81.3,51.6,0
Tirupati,2.77,17.8,29.7,80.0,58.9,4.1,0
Guntur,4.61,14.0,31.3,94.0,78.2,50.0,0
Vijayawada,3.46,7.2,28.5,63.0,94.9,7.5,0
Tirupati,1.39,43.8,28.8,63.0,36.2,5.5,0
Vijayawada,8.08,19.3,30.1,66.0,161.4,20.6,1
Nellore,5.06,8.5,18.0,72.0,86.1,2.9,0
Kurnool,7.03,17.9,35.5,83.0,150.4,37.7,0
Vijayawada,6.28,25.6,29.2,70.0,143.1,12.9,0
Kurnool,10.38,8.4,16.2,94.0,203.8,11.3,1
Tirupati,5.45,21.5,29.4,77.0,113.9,14.3,0
Kurnool,9.49,81.8,30.1,84.0,229.4,11.6,1
Vijayawada,2.9,3.6,34.0,52.0,88.2,9.5,0
Nellore,5.02,19.0,31.1,59.0,106.5,11.9,0
Tirupati,5.36,40.5,32.5,59.0,87.4,10.7,0
Vijayawada,6.21,13.2,30.7,59.0,92.7,13.3,0
Tirupati,1.35,127.0,23.7,78.0,44.4,4.2,0
Guntur,0.5,11.7,26.0,62.0,10.0,9.4,0
Kurnool,2.18,69.5,24.3,59.0,64.6,14.0,0
Guntur,5.04,38.9,27.3,67.0,87.3,17.8,0
Vijayawada,6.83,46.2,30.6,41.0,173.3,17.5,1
Nellore,1.97,16.9,27.4,83.0,57.7,12.5,0
Tirupati,2.01,21.1,39.7,69.0,25.6,7.2,0
Kurnool,3.05,11.7,35.0,77.0,57.7,13.9,0
Tirupati,8.93,4.4,43.2,71.0,222.3,6.6,1
Vijayawada,5.29,23.4,23.5,51.0,124.2,14.1,1
Tirupati,4.35,54.9,35.4,63.0,87.1,12.7,0
Kurnool,2.08,40.9,32.8,48.0,33.0,7.1,0
Vijayawada,5.2,61.9,33.9,82.0,90.6,21.4,1
Tirupati,2.75,22.8,34.0,59.0,73.5,16.3,0
Nellore,4.39,27.5,23.3,78.0,95.5,23.3,0
Vijayawada,4.03,43.5,34.4,62.0,72.9,4.9,0
